{"cameraMode":{"drawMode":0,"name":"Shaded","section":"Shading Mode"},"sceneLighting":true,"audioPlay":false,"sceneViewState":{"showFog":true,"showMaterialUpdate":false,"showSkybox":true,"showFlares":true,"showImageEffects":true,"showParticleSystems":true},"in2DMode":false,"pivot":{"x":-82.07537078857422,"y":-32.87450408935547,"z":420.1726379394531},"rotation":{"x":-0.040639981627464297,"y":0.08890721946954727,"z":-0.003630485385656357,"w":-0.9952039122581482},"size":659.4942626953125,"orthographic":false}