{"cameraMode":{"drawMode":0,"name":"Shaded","section":"Shading Mode"},"sceneLighting":true,"audioPlay":false,"sceneViewState":{"showFog":true,"showMaterialUpdate":false,"showSkybox":true,"showFlares":true,"showImageEffects":true,"showParticleSystems":true},"in2DMode":false,"pivot":{"x":-5.664542198181152,"y":1.3509712219238282,"z":-2.546170473098755},"rotation":{"x":0.06475942581892014,"y":-0.7261664271354675,"z":0.06905752420425415,"w":0.6809695363044739},"size":2.3526525497436525,"orthographic":false}