{"cameraMode":{"drawMode":0,"name":"Shaded","section":"Shading Mode"},"sceneLighting":true,"audioPlay":false,"sceneViewState":{"showFog":true,"showMaterialUpdate":false,"showSkybox":true,"showFlares":true,"showImageEffects":true,"showParticleSystems":true},"in2DMode":false,"pivot":{"x":497.34368896484377,"y":174.80096435546876,"z":470.052978515625},"rotation":{"x":-0.08120401948690415,"y":-0.021826690062880517,"z":0.0017788426484912634,"w":-0.9964569211006165},"size":1047.38818359375,"orthographic":false}