{"cameraMode":{"drawMode":0,"name":"Shaded","section":"Shading Mode"},"sceneLighting":true,"audioPlay":false,"sceneViewState":{"showFog":true,"showMaterialUpdate":false,"showSkybox":true,"showFlares":true,"showImageEffects":true,"showParticleSystems":true},"in2DMode":false,"pivot":{"x":-0.2235259711742401,"y":-4.333240509033203,"z":-14.846954345703125},"rotation":{"x":0.0015013107331469656,"y":-0.9826616048812866,"z":0.18523094058036805,"w":0.007963894866406918},"size":26.53932762145996,"orthographic":false}