{"cameraMode":{"drawMode":0,"name":"Shaded","section":"Shading Mode"},"sceneLighting":true,"audioPlay":false,"sceneViewState":{"showFog":false,"showMaterialUpdate":false,"showSkybox":false,"showFlares":false,"showImageEffects":false,"showParticleSystems":false},"in2DMode":false,"pivot":{"x":-2.4621472358703615,"y":1.1767387390136719,"z":1.9046897888183594},"rotation":{"x":0.04251167178153992,"y":0.07035587728023529,"z":-0.0030011762864887716,"w":0.9966111779212952},"size":4.26973295211792,"orthographic":false}