{"cameraMode":{"drawMode":0,"name":"Shaded","section":"Shading Mode"},"sceneLighting":true,"audioPlay":false,"sceneViewState":{"showFog":false,"showMaterialUpdate":false,"showSkybox":false,"showFlares":false,"showImageEffects":false,"showParticleSystems":false},"in2DMode":false,"pivot":{"x":10.939652442932129,"y":-2.21806263923645,"z":3.9836840629577638},"rotation":{"x":-0.13279473781585694,"y":-0.5129560232162476,"z":0.08068571984767914,"w":-0.8442342877388},"size":16.826129913330079,"orthographic":false}