{"cameraMode":{"drawMode":0,"name":"Shaded","section":"Shading Mode"},"sceneLighting":true,"audioPlay":false,"sceneViewState":{"showFog":false,"showMaterialUpdate":false,"showSkybox":false,"showFlares":false,"showImageEffects":false,"showParticleSystems":false},"in2DMode":false,"pivot":{"x":-2.8310632705688478,"y":-1.046293020248413,"z":0.38772034645080569},"rotation":{"x":0.4041809141635895,"y":0.06847837567329407,"z":-0.030361641198396684,"w":0.9116066694259644},"size":3.1178600788116457,"orthographic":false}