{"cameraMode":{"drawMode":0,"name":"Shaded","section":"Shading Mode"},"sceneLighting":true,"audioPlay":false,"sceneViewState":{"showFog":false,"showMaterialUpdate":false,"showSkybox":false,"showFlares":false,"showImageEffects":false,"showParticleSystems":false},"in2DMode":false,"pivot":{"x":-18.953474044799806,"y":1.0547109842300416,"z":3.253084897994995},"rotation":{"x":0.07790402323007584,"y":-0.46555110812187197,"z":0.04118417575955391,"w":0.8806231617927551},"size":10.454842567443848,"orthographic":false}