{"cameraMode":{"drawMode":0,"name":"Shaded","section":"Shading Mode"},"sceneLighting":true,"audioPlay":false,"sceneViewState":{"showFog":false,"showMaterialUpdate":false,"showSkybox":false,"showFlares":false,"showImageEffects":false,"showParticleSystems":false},"in2DMode":false,"pivot":{"x":-15.495132446289063,"y":1.423093318939209,"z":15.213836669921875},"rotation":{"x":0.012544642202556134,"y":-0.31863003969192507,"z":0.0042165955528616909,"w":0.947786808013916},"size":22.51861572265625,"orthographic":false}