{"cameraMode":{"drawMode":0,"name":"Shaded","section":"Shading Mode"},"sceneLighting":true,"audioPlay":false,"sceneViewState":{"showFog":true,"showMaterialUpdate":false,"showSkybox":true,"showFlares":true,"showImageEffects":true,"showParticleSystems":true},"in2DMode":false,"pivot":{"x":368.14764404296877,"y":341.8800964355469,"z":-289.6018981933594},"rotation":{"x":0.18775977194309236,"y":-0.3217480182647705,"z":0.06525836884975434,"w":0.9257245063781738},"size":161.0801239013672,"orthographic":false}