{"cameraMode":{"drawMode":0,"name":"Shaded","section":"Shading Mode"},"sceneLighting":true,"audioPlay":false,"sceneViewState":{"showFog":true,"showMaterialUpdate":false,"showSkybox":true,"showFlares":true,"showImageEffects":true,"showParticleSystems":true},"in2DMode":false,"pivot":{"x":4.864420413970947,"y":1.1501317024230958,"z":-3.2458696365356447},"rotation":{"x":-0.03469007834792137,"y":0.9628673791885376,"z":-0.22099550068378449,"w":-0.15114232897758485},"size":44.11943435668945,"orthographic":false}