{"cameraMode":{"drawMode":0,"name":"Shaded","section":"Shading Mode"},"sceneLighting":true,"audioPlay":false,"sceneViewState":{"showFog":true,"showMaterialUpdate":false,"showSkybox":true,"showFlares":true,"showImageEffects":true,"showParticleSystems":true},"in2DMode":false,"pivot":{"x":-206.80105590820313,"y":-1.4855802059173585,"z":-35.480533599853519},"rotation":{"x":-0.007263561710715294,"y":0.8072587251663208,"z":-0.009937874972820282,"w":-0.5900694727897644},"size":268.21221923828127,"orthographic":false}