{"cameraMode":{"drawMode":0,"name":"Shaded","section":"Shading Mode"},"sceneLighting":true,"audioPlay":false,"sceneViewState":{"showFog":true,"showMaterialUpdate":false,"showSkybox":true,"showFlares":true,"showImageEffects":true,"showParticleSystems":true},"in2DMode":false,"pivot":{"x":461.5393981933594,"y":254.55032348632813,"z":49.95380401611328},"rotation":{"x":0.06771238148212433,"y":-0.03709498792886734,"z":0.0025191688910126688,"w":0.9970118403434753},"size":580.5499267578125,"orthographic":false}