{"cameraMode":{"drawMode":0,"name":"Shaded","section":"Shading Mode"},"sceneLighting":true,"audioPlay":false,"sceneViewState":{"showFog":true,"showMaterialUpdate":false,"showSkybox":true,"showFlares":true,"showImageEffects":true,"showParticleSystems":true},"in2DMode":false,"pivot":{"x":-2.989701747894287,"y":2.3662445545196535,"z":-4.437894821166992},"rotation":{"x":-0.0014221544843167067,"y":0.9741710424423218,"z":0.2257234901189804,"w":0.006138038355857134},"size":0.3222551941871643,"orthographic":false}