{"cameraMode":{"drawMode":0,"name":"Shaded","section":"Shading Mode"},"sceneLighting":true,"audioPlay":false,"sceneViewState":{"showFog":true,"showMaterialUpdate":false,"showSkybox":true,"showFlares":true,"showImageEffects":true,"showParticleSystems":true},"in2DMode":false,"pivot":{"x":-11.218584060668946,"y":-0.9814448356628418,"z":-0.7162809371948242},"rotation":{"x":0.08051557838916779,"y":0.9194761514663696,"z":-0.2741943597793579,"w":0.2699969708919525},"size":16.724529266357423,"orthographic":false}