{"cameraMode":{"drawMode":0,"name":"Shaded","section":"Shading Mode"},"sceneLighting":true,"audioPlay":false,"sceneViewState":{"showFog":true,"showMaterialUpdate":false,"showSkybox":true,"showFlares":true,"showImageEffects":true,"showParticleSystems":true},"in2DMode":false,"pivot":{"x":-0.9280967712402344,"y":2.211210250854492,"z":-0.4740789234638214},"rotation":{"x":-0.016939053311944009,"y":-0.7172108888626099,"z":0.017443597316741945,"w":-0.6964318752288818},"size":9.763263702392579,"orthographic":false}