{"cameraMode":{"drawMode":0,"name":"Shaded","section":"Shading Mode"},"sceneLighting":true,"audioPlay":false,"sceneViewState":{"showFog":true,"showMaterialUpdate":false,"showSkybox":true,"showFlares":true,"showImageEffects":true,"showParticleSystems":true},"in2DMode":false,"pivot":{"x":-4.3750410079956059,"y":0.5616998672485352,"z":-1.849499225616455},"rotation":{"x":0.18382853269577027,"y":-0.7715134024620056,"z":0.25679388642311098,"w":0.5522961616516113},"size":4.429629325866699,"orthographic":false}