{"cameraMode":{"drawMode":0,"name":"Shaded","section":"Shading Mode"},"sceneLighting":true,"audioPlay":false,"sceneViewState":{"showFog":true,"showMaterialUpdate":false,"showSkybox":true,"showFlares":true,"showImageEffects":true,"showParticleSystems":true},"in2DMode":false,"pivot":{"x":437.29644775390627,"y":59.421363830566409,"z":496.0679016113281},"rotation":{"x":-0.10776343941688538,"y":-0.0235742200165987,"z":0.0025567214470356704,"w":-0.9938937425613403},"size":1153.3590087890625,"orthographic":false}