{"cameraMode":{"drawMode":0,"name":"Shaded","section":"Shading Mode"},"sceneLighting":true,"audioPlay":false,"sceneViewState":{"showFog":true,"showMaterialUpdate":false,"showSkybox":true,"showFlares":true,"showImageEffects":true,"showParticleSystems":true},"in2DMode":false,"pivot":{"x":4.334354400634766,"y":2.3596737384796144,"z":-0.5891698002815247},"rotation":{"x":-0.05483197048306465,"y":-0.7236322164535523,"z":0.05787602439522743,"w":-0.685565710067749},"size":1.277714490890503,"orthographic":false}